{"IcoMoonType":"selection","icons":[{"icon":{"paths":["M233.876 467.74h-101.136v353.974h101.136v-353.974zM537.285 467.74h-101.137v353.974h101.137v-353.974zM967.111 922.852h-960.791v101.137h960.791v-101.137zM840.693 467.74h-101.137v353.974h101.137v-353.974zM486.715 126.913l263.46 138.556h-526.918l263.458-138.556zM486.715 12.63l-480.394 252.839v101.136h960.791v-101.136l-480.396-252.839z"],"attrs":[{"fill":"rgb(109, 132, 155)"}],"width":986,"isMulticolor":false,"isMulticolor2":false,"grid":0,"tags":["ministry"]},"attrs":[{"fill":"rgb(109, 132, 155)"}],"properties":{"order":372,"id":0,"name":"ministry","prevSize":32,"code":59648},"setIdx":0,"setId":0,"iconIdx":0}],"height":1024,"metadata":{"name":"wf-icons"},"preferences":{"showGlyphs":true,"showQuickUse":true,"showQuickUse2":true,"showSVGs":true,"fontPref":{"prefix":"wf-icon-","metadata":{"fontFamily":"wf-icons","majorVersion":1,"minorVersion":0},"metrics":{"emSize":2048,"baseline":6.25,"whitespace":50},"embed":false,"showSelector":true,"cssVars":true,"cssVarsFormat":"scss","selector":"i","showMetrics":true,"showVersion":true},"imagePref":{"prefix":"icon-","png":true,"useClassSelector":true,"color":0,"bgColor":16777215,"classSelector":".icon"},"historySize":50,"showCodes":true,"gridSize":16}}